complex_name,spoc_score,avg_n_models,max_n_models,num_contacts_with_max_n_models,num_unique_contacts,mean_contacts_across_predictions,min_contacts_across_predictions,iptm_mean,iptm_min,iptm_max,models_checked,uniprot_ids,sequence,best_num_residue_contacts,best_if_residues,best_plddt_max,best_pae_min,best_contact_score_max,best_num_significant_afm_scores,crispr_jaccard,crispr_shared_hit_count,co_expression_score,t5_embedding_cosine_dist,t5_embedding_euclidian_dist,depmap_cosine_dist,depmap_euclidian_dist,depmap_abs_diff,colocalization_match_score,biogrid_detect_count
PABPC4_ORF2,0.423,0.853,1.0,37,52,44.0,40.0,0.694,0.662,0.715,"[1, 5, 4]",Q13310:O00370,MNAAASSYPMASLYVGDLHSDVTEAMLYEKFSPAGPVLSIRVCRDMITRRSLGYAYVNFQQPADAERALDTMNFDVIKGKPIRIMWSQRDPSLRKSGVGNVFIKNLDKSIDNKALYDTFSAFGNILSCKVVCDENGSKGYAFVHFETQEAADKAIEKMNGMLLNDRKVFVGRFKSRKEREAELGAKAKEFTNVYIKNFGEEVDDESLKELFSQFGKTLSVKVMRDPNGKSKGFGFVSYEKHEDANKAVEEMNGKEISGKIIFVGRAQKKVERQAELKRKFEQLKQERISRYQGVNLYIKNLDDTIDDEKLRKEFSPFGSITSAKVMLEDGRSKGFGFVCFSSPEEATKAVTEMNGRIVGSKPLYVALAQRKEERKAHLTNQYMQRVAGMRALPANAILNQFQPAAGGYFVPAVPQAQGRPPYYTPNQLAQMRPNPRWQQGGRPQGFQGMPSAIRQSGPRPTLRHLAPTGSECPDRLAMDFGGAGAAQQGLTDSCQSGGVPTAVQNLAPRAAVAAAAPRAVAPYKYASSVRSPHPAIQPLQAPQPAVHVQGQEPLTASMLAAAPPQEQKQMLGERLFPLIQTMHSNLAGKITGMLLEIDNSELLHMLESPESLRSKVDEAVAVLQAHHAKKEAAQKVGAVAAATS:MTGSNSHITILTLNVNGLNSPIKRHRLASWIKSQDPSVCCIQETHLTCRDTHRLKIKGWRKIYQANGKQKKAGVAILVSDKTDFKPTKIKRDKEGHYIMVKGSIQQEELTILNIYAPNTGAPRFIKQVLSDLQRDLDSHTLIMGDFNTPLSILDRSTRQKVNKDTQELNSALHQTDLIDIYRTLHPKSTEYTFFSAPHHTYSKIDHIVGSKALLSKCKRTEIITNYLSDHSAIKLELRIKNLTQSRSTTWKLNNLLLNDYWVHNEMKAEIKMFFETNENKDTTYQNLWDAFKAVCRGKFIALNAYKRKQERSKIDTLTSQLKELEKQEQTHSKASRRQEITKIRAELKEIETQKTLQKINESRSWFFERINKIDRPLARLIKKKREKNQIDTIKNDKGDITTDPTEIQTTIREYYKHLYANKLENLEEMDTFLDTYTLPRLNQEEVESLNRPITGSEIVAIINSLPTKKSPGPDGFTAEFYQRYKEELVPFLLKLFQSIEKEGILPNSFYEASIILIPKPGRDTTKKENFRPISLMNIDAKILNKILANRIQQHIKKLIHHDQVGFIPGMQGWFNIRKSINVIQHINRAKDKNHVIISIDAEKAFDKIQQPFMLKTLNKLGIDGMYLKIIRAIYDKPTANIILNGQKLEAFPLKTGTRQGCPLSPLLFNIVLEVLARAIRQEKEIKGIQLGKEEVKLSLFADDMIVYLENPIVSAQNLLKLISNFSKVSGYKINVQKSQAFLYNNNRQTESQIMGELPFTIASKRIKYLGIQLTRDVKDLFKENYKPLLKEIKEDTNKWKNIPCSWVGRINIVKMAILPKVIYRFNAIPIKLPMTFFTELEKTTLKFIWNQKRARIAKSILSQKNKAGGITLPDFKLYYKATVTKTAWYWYQNRDIDQWNRTEPSEIMPHIYNYLIFDKPEKNKQWGKDSLLNKWCWENWLAICRKLKLDPFLTPYTKINSRWIKDLNVKPKTIKTLEENLGITIQDIGVGKDFMSKTPKAMATKDKIDKWDLIKLKSFCTAKETTIRVNRQPTTWEKIFATYSSDKGLISRIYNELKQIYKKKTNNPIKKWAKDMNRHFSKEDIYAAKKHMKKCSSSLAIREMQIKTTMRYHLTPVRMAIIKKSGNNRCWRGCGEIGTLVHCWWDCKLVQPLWKSVWRFLRDLELEIPFDPAIPLLGIYPKDYKSCCYKDTCTRMFIAALFTIAKTWNQPNCPTMIDWIKKMWHIYTMEYYAAIKNDEFISFVGTWMKLETIILSKLSQEQKTKHRIFSLIGGN,40,36,94.0,1.7,859.0,21,0,0,0,0.515,1.432,0,1,10,0.862,0
PABPC1_ORF2,0.121,0.637,0.667,41,45,29.0,0.0,0.541,0.224,0.726,"[2, 4, 1]",P11940:O00370,MNPSAPSYPMASLYVGDLHPDVTEAMLYEKFSPAGPILSIRVCRDMITRRSLGYAYVNFQQPADAERALDTMNFDVIKGKPVRIMWSQRDPSLRKSGVGNIFIKNLDKSIDNKALYDTFSAFGNILSCKVVCDENGSKGYGFVHFETQEAAERAIEKMNGMLLNDRKVFVGRFKSRKEREAELGARAKEFTNVYIKNFGEDMDDERLKDLFGKFGPALSVKVMTDESGKSKGFGFVSFERHEDAQKAVDEMNGKELNGKQIYVGRAQKKVERQTELKRKFEQMKQDRITRYQGVNLYVKNLDDGIDDERLRKEFSPFGTITSAKVMMEGGRSKGFGFVCFSSPEEATKAVTEMNGRIVATKPLYVALAQRKEERQAHLTNQYMQRMASVRAVPNPVINPYQPAPPSGYFMAAIPQTQNRAAYYPPSQIAQLRPSPRWTAQGARPHPFQNMPGAIRPAAPRPPFSTMRPASSQVPRVMSTQRVANTSTQTMGPRPAAAAAAATPAVRTVPQYKYAAGVRNPQQHLNAQPQVTMQQPAVHVQGQEPLTASMLASAPPQEQKQMLGERLFPLIQAMHPTLAGKITGMLLEIDNSELLHMLESPESLRSKVDEAVAVLQAHQAKEAAQKAVNSATGVPTV:MTGSNSHITILTLNVNGLNSPIKRHRLASWIKSQDPSVCCIQETHLTCRDTHRLKIKGWRKIYQANGKQKKAGVAILVSDKTDFKPTKIKRDKEGHYIMVKGSIQQEELTILNIYAPNTGAPRFIKQVLSDLQRDLDSHTLIMGDFNTPLSILDRSTRQKVNKDTQELNSALHQTDLIDIYRTLHPKSTEYTFFSAPHHTYSKIDHIVGSKALLSKCKRTEIITNYLSDHSAIKLELRIKNLTQSRSTTWKLNNLLLNDYWVHNEMKAEIKMFFETNENKDTTYQNLWDAFKAVCRGKFIALNAYKRKQERSKIDTLTSQLKELEKQEQTHSKASRRQEITKIRAELKEIETQKTLQKINESRSWFFERINKIDRPLARLIKKKREKNQIDTIKNDKGDITTDPTEIQTTIREYYKHLYANKLENLEEMDTFLDTYTLPRLNQEEVESLNRPITGSEIVAIINSLPTKKSPGPDGFTAEFYQRYKEELVPFLLKLFQSIEKEGILPNSFYEASIILIPKPGRDTTKKENFRPISLMNIDAKILNKILANRIQQHIKKLIHHDQVGFIPGMQGWFNIRKSINVIQHINRAKDKNHVIISIDAEKAFDKIQQPFMLKTLNKLGIDGMYLKIIRAIYDKPTANIILNGQKLEAFPLKTGTRQGCPLSPLLFNIVLEVLARAIRQEKEIKGIQLGKEEVKLSLFADDMIVYLENPIVSAQNLLKLISNFSKVSGYKINVQKSQAFLYNNNRQTESQIMGELPFTIASKRIKYLGIQLTRDVKDLFKENYKPLLKEIKEDTNKWKNIPCSWVGRINIVKMAILPKVIYRFNAIPIKLPMTFFTELEKTTLKFIWNQKRARIAKSILSQKNKAGGITLPDFKLYYKATVTKTAWYWYQNRDIDQWNRTEPSEIMPHIYNYLIFDKPEKNKQWGKDSLLNKWCWENWLAICRKLKLDPFLTPYTKINSRWIKDLNVKPKTIKTLEENLGITIQDIGVGKDFMSKTPKAMATKDKIDKWDLIKLKSFCTAKETTIRVNRQPTTWEKIFATYSSDKGLISRIYNELKQIYKKKTNNPIKKWAKDMNRHFSKEDIYAAKKHMKKCSSSLAIREMQIKTTMRYHLTPVRMAIIKKSGNNRCWRGCGEIGTLVHCWWDCKLVQPLWKSVWRFLRDLELEIPFDPAIPLLGIYPKDYKSCCYKDTCTRMFIAALFTIAKTWNQPNCPTMIDWIKKMWHIYTMEYYAAIKNDEFISFVGTWMKLETIILSKLSQEQKTKHRIFSLIGGN,43,37,95.0,1.5,968.0,23,0,0,0,0.485,1.425,0,1,10,0.879,0
PCNA_ORF2,0.086,0.333,0.333,43,43,14.0,0.0,0.467,0.184,0.858,"[1, 5, 3]",P12004:O00370,MFEARLVQGSILKKVLEALKDLINEACWDISSSGVNLQSMDSSHVSLVQLTLRSEGFDTYRCDRNLAMGVNLTSMSKILKCAGNEDIITLRAEDNADTLALVFEAPNQEKVSDYEMKLMDLDVEQLGIPEQEYSCVVKMPSGEFARICRDLSHIGDAVVISCAKDGVKFSASGELGNGNIKLSQTSNVDKEEEAVTIEMNEPVQLTFALRYLNFFTKATPLSSTVTLSMSADVPLVVEYKIADMGHLKYYLAPKIEDEEGS:MTGSNSHITILTLNVNGLNSPIKRHRLASWIKSQDPSVCCIQETHLTCRDTHRLKIKGWRKIYQANGKQKKAGVAILVSDKTDFKPTKIKRDKEGHYIMVKGSIQQEELTILNIYAPNTGAPRFIKQVLSDLQRDLDSHTLIMGDFNTPLSILDRSTRQKVNKDTQELNSALHQTDLIDIYRTLHPKSTEYTFFSAPHHTYSKIDHIVGSKALLSKCKRTEIITNYLSDHSAIKLELRIKNLTQSRSTTWKLNNLLLNDYWVHNEMKAEIKMFFETNENKDTTYQNLWDAFKAVCRGKFIALNAYKRKQERSKIDTLTSQLKELEKQEQTHSKASRRQEITKIRAELKEIETQKTLQKINESRSWFFERINKIDRPLARLIKKKREKNQIDTIKNDKGDITTDPTEIQTTIREYYKHLYANKLENLEEMDTFLDTYTLPRLNQEEVESLNRPITGSEIVAIINSLPTKKSPGPDGFTAEFYQRYKEELVPFLLKLFQSIEKEGILPNSFYEASIILIPKPGRDTTKKENFRPISLMNIDAKILNKILANRIQQHIKKLIHHDQVGFIPGMQGWFNIRKSINVIQHINRAKDKNHVIISIDAEKAFDKIQQPFMLKTLNKLGIDGMYLKIIRAIYDKPTANIILNGQKLEAFPLKTGTRQGCPLSPLLFNIVLEVLARAIRQEKEIKGIQLGKEEVKLSLFADDMIVYLENPIVSAQNLLKLISNFSKVSGYKINVQKSQAFLYNNNRQTESQIMGELPFTIASKRIKYLGIQLTRDVKDLFKENYKPLLKEIKEDTNKWKNIPCSWVGRINIVKMAILPKVIYRFNAIPIKLPMTFFTELEKTTLKFIWNQKRARIAKSILSQKNKAGGITLPDFKLYYKATVTKTAWYWYQNRDIDQWNRTEPSEIMPHIYNYLIFDKPEKNKQWGKDSLLNKWCWENWLAICRKLKLDPFLTPYTKINSRWIKDLNVKPKTIKTLEENLGITIQDIGVGKDFMSKTPKAMATKDKIDKWDLIKLKSFCTAKETTIRVNRQPTTWEKIFATYSSDKGLISRIYNELKQIYKKKTNNPIKKWAKDMNRHFSKEDIYAAKKHMKKCSSSLAIREMQIKTTMRYHLTPVRMAIIKKSGNNRCWRGCGEIGTLVHCWWDCKLVQPLWKSVWRFLRDLELEIPFDPAIPLLGIYPKDYKSCCYKDTCTRMFIAALFTIAKTWNQPNCPTMIDWIKKMWHIYTMEYYAAIKNDEFISFVGTWMKLETIILSKLSQEQKTKHRIFSLIGGN,43,40,89.0,2.5,640.0,7,0,0,0,0.578,1.615,0,1,10,0.888,0
RPS27A_ORF2,0.083,0.333,0.333,7,7,2.0,0.0,0.278,0.228,0.358,"[1, 2, 3]",P62979:O00370,MQIFVKTLTGKTITLEVEPSDTIENVKAKIQDKEGIPPDQQRLIFAGKQLEDGRTLSDYNIQKESTLHLVLRLRGGAKKRKKKSYTTPKKNKHKRKKVKLAVLKYYKVDENGKISRLRRECPSDECGAGVFMASHFDRHYCGKCCLTYCFNKPEDK:MTGSNSHITILTLNVNGLNSPIKRHRLASWIKSQDPSVCCIQETHLTCRDTHRLKIKGWRKIYQANGKQKKAGVAILVSDKTDFKPTKIKRDKEGHYIMVKGSIQQEELTILNIYAPNTGAPRFIKQVLSDLQRDLDSHTLIMGDFNTPLSILDRSTRQKVNKDTQELNSALHQTDLIDIYRTLHPKSTEYTFFSAPHHTYSKIDHIVGSKALLSKCKRTEIITNYLSDHSAIKLELRIKNLTQSRSTTWKLNNLLLNDYWVHNEMKAEIKMFFETNENKDTTYQNLWDAFKAVCRGKFIALNAYKRKQERSKIDTLTSQLKELEKQEQTHSKASRRQEITKIRAELKEIETQKTLQKINESRSWFFERINKIDRPLARLIKKKREKNQIDTIKNDKGDITTDPTEIQTTIREYYKHLYANKLENLEEMDTFLDTYTLPRLNQEEVESLNRPITGSEIVAIINSLPTKKSPGPDGFTAEFYQRYKEELVPFLLKLFQSIEKEGILPNSFYEASIILIPKPGRDTTKKENFRPISLMNIDAKILNKILANRIQQHIKKLIHHDQVGFIPGMQGWFNIRKSINVIQHINRAKDKNHVIISIDAEKAFDKIQQPFMLKTLNKLGIDGMYLKIIRAIYDKPTANIILNGQKLEAFPLKTGTRQGCPLSPLLFNIVLEVLARAIRQEKEIKGIQLGKEEVKLSLFADDMIVYLENPIVSAQNLLKLISNFSKVSGYKINVQKSQAFLYNNNRQTESQIMGELPFTIASKRIKYLGIQLTRDVKDLFKENYKPLLKEIKEDTNKWKNIPCSWVGRINIVKMAILPKVIYRFNAIPIKLPMTFFTELEKTTLKFIWNQKRARIAKSILSQKNKAGGITLPDFKLYYKATVTKTAWYWYQNRDIDQWNRTEPSEIMPHIYNYLIFDKPEKNKQWGKDSLLNKWCWENWLAICRKLKLDPFLTPYTKINSRWIKDLNVKPKTIKTLEENLGITIQDIGVGKDFMSKTPKAMATKDKIDKWDLIKLKSFCTAKETTIRVNRQPTTWEKIFATYSSDKGLISRIYNELKQIYKKKTNNPIKKWAKDMNRHFSKEDIYAAKKHMKKCSSSLAIREMQIKTTMRYHLTPVRMAIIKKSGNNRCWRGCGEIGTLVHCWWDCKLVQPLWKSVWRFLRDLELEIPFDPAIPLLGIYPKDYKSCCYKDTCTRMFIAALFTIAKTWNQPNCPTMIDWIKKMWHIYTMEYYAAIKNDEFISFVGTWMKLETIILSKLSQEQKTKHRIFSLIGGN,7,9,73.0,13.4,73.0,7,0,0,0,0.563,1.93,0,1,10,0.964,0
UBB_ORF2,0.083,0.333,0.333,35,35,12.0,0.0,0.362,0.322,0.395,"[4, 3, 2]",P0CG47:O00370,MQIFVKTLTGKTITLEVEPSDTIENVKAKIQDKEGIPPDQQRLIFAGKQLEDGRTLSDYNIQKESTLHLVLRLRGGMQIFVKTLTGKTITLEVEPSDTIENVKAKIQDKEGIPPDQQRLIFAGKQLEDGRTLSDYNIQKESTLHLVLRLRGGMQIFVKTLTGKTITLEVEPSDTIENVKAKIQDKEGIPPDQQRLIFAGKQLEDGRTLSDYNIQKESTLHLVLRLRGGC:MTGSNSHITILTLNVNGLNSPIKRHRLASWIKSQDPSVCCIQETHLTCRDTHRLKIKGWRKIYQANGKQKKAGVAILVSDKTDFKPTKIKRDKEGHYIMVKGSIQQEELTILNIYAPNTGAPRFIKQVLSDLQRDLDSHTLIMGDFNTPLSILDRSTRQKVNKDTQELNSALHQTDLIDIYRTLHPKSTEYTFFSAPHHTYSKIDHIVGSKALLSKCKRTEIITNYLSDHSAIKLELRIKNLTQSRSTTWKLNNLLLNDYWVHNEMKAEIKMFFETNENKDTTYQNLWDAFKAVCRGKFIALNAYKRKQERSKIDTLTSQLKELEKQEQTHSKASRRQEITKIRAELKEIETQKTLQKINESRSWFFERINKIDRPLARLIKKKREKNQIDTIKNDKGDITTDPTEIQTTIREYYKHLYANKLENLEEMDTFLDTYTLPRLNQEEVESLNRPITGSEIVAIINSLPTKKSPGPDGFTAEFYQRYKEELVPFLLKLFQSIEKEGILPNSFYEASIILIPKPGRDTTKKENFRPISLMNIDAKILNKILANRIQQHIKKLIHHDQVGFIPGMQGWFNIRKSINVIQHINRAKDKNHVIISIDAEKAFDKIQQPFMLKTLNKLGIDGMYLKIIRAIYDKPTANIILNGQKLEAFPLKTGTRQGCPLSPLLFNIVLEVLARAIRQEKEIKGIQLGKEEVKLSLFADDMIVYLENPIVSAQNLLKLISNFSKVSGYKINVQKSQAFLYNNNRQTESQIMGELPFTIASKRIKYLGIQLTRDVKDLFKENYKPLLKEIKEDTNKWKNIPCSWVGRINIVKMAILPKVIYRFNAIPIKLPMTFFTELEKTTLKFIWNQKRARIAKSILSQKNKAGGITLPDFKLYYKATVTKTAWYWYQNRDIDQWNRTEPSEIMPHIYNYLIFDKPEKNKQWGKDSLLNKWCWENWLAICRKLKLDPFLTPYTKINSRWIKDLNVKPKTIKTLEENLGITIQDIGVGKDFMSKTPKAMATKDKIDKWDLIKLKSFCTAKETTIRVNRQPTTWEKIFATYSSDKGLISRIYNELKQIYKKKTNNPIKKWAKDMNRHFSKEDIYAAKKHMKKCSSSLAIREMQIKTTMRYHLTPVRMAIIKKSGNNRCWRGCGEIGTLVHCWWDCKLVQPLWKSVWRFLRDLELEIPFDPAIPLLGIYPKDYKSCCYKDTCTRMFIAALFTIAKTWNQPNCPTMIDWIKKMWHIYTMEYYAAIKNDEFISFVGTWMKLETIILSKLSQEQKTKHRIFSLIGGN,33,31,75.0,11.3,130.0,14,0,0,0,0.799,4.0,0,1,10,0.935,0
HSP90AA1_ORF2,0.077,0.333,0.333,27,27,9.0,0.0,0.32,0.218,0.516,"[3, 4, 5]",P07900:O00370,MPEETQTQDQPMEEEEVETFAFQAEIAQLMSLIINTFYSNKEIFLRELISNSSDALDKIRYESLTDPSKLDSGKELHINLIPNKQDRTLTIVDTGIGMTKADLINNLGTIAKSGTKAFMEALQAGADISMIGQFGVGFYSAYLVAEKVTVITKHNDDEQYAWESSAGGSFTVRTDTGEPMGRGTKVILHLKEDQTEYLEERRIKEIVKKHSQFIGYPITLFVEKERDKEVSDDEAEEKEDKEEEKEKEEKESEDKPEIEDVGSDEEEEKKDGDKKKKKKIKEKYIDQEELNKTKPIWTRNPDDITNEEYGEFYKSLTNDWEDHLAVKHFSVEGQLEFRALLFVPRRAPFDLFENRKKKNNIKLYVRRVFIMDNCEELIPEYLNFIRGVVDSEDLPLNISREMLQQSKILKVIRKNLVKKCLELFTELAEDKENYKKFYEQFSKNIKLGIHEDSQNRKKLSELLRYYTSASGDEMVSLKDYCTRMKENQKHIYYITGETKDQVANSAFVERLRKHGLEVIYMIEPIDEYCVQQLKEFEGKTLVSVTKEGLELPEDEEEKKKQEEKKTKFENLCKIMKDILEKKVEKVVVSNRLVTSPCCIVTSTYGWTANMERIMKAQALRDNSTMGYMAAKKHLEINPDHSIIETLRQKAEADKNDKSVKDLVILLYETALLSSGFSLEDPQTHANRIYRMIKLGLGIDEDDPTADDTSAAVTEEMPPLEGDDDTSRMEEVD:MTGSNSHITILTLNVNGLNSPIKRHRLASWIKSQDPSVCCIQETHLTCRDTHRLKIKGWRKIYQANGKQKKAGVAILVSDKTDFKPTKIKRDKEGHYIMVKGSIQQEELTILNIYAPNTGAPRFIKQVLSDLQRDLDSHTLIMGDFNTPLSILDRSTRQKVNKDTQELNSALHQTDLIDIYRTLHPKSTEYTFFSAPHHTYSKIDHIVGSKALLSKCKRTEIITNYLSDHSAIKLELRIKNLTQSRSTTWKLNNLLLNDYWVHNEMKAEIKMFFETNENKDTTYQNLWDAFKAVCRGKFIALNAYKRKQERSKIDTLTSQLKELEKQEQTHSKASRRQEITKIRAELKEIETQKTLQKINESRSWFFERINKIDRPLARLIKKKREKNQIDTIKNDKGDITTDPTEIQTTIREYYKHLYANKLENLEEMDTFLDTYTLPRLNQEEVESLNRPITGSEIVAIINSLPTKKSPGPDGFTAEFYQRYKEELVPFLLKLFQSIEKEGILPNSFYEASIILIPKPGRDTTKKENFRPISLMNIDAKILNKILANRIQQHIKKLIHHDQVGFIPGMQGWFNIRKSINVIQHINRAKDKNHVIISIDAEKAFDKIQQPFMLKTLNKLGIDGMYLKIIRAIYDKPTANIILNGQKLEAFPLKTGTRQGCPLSPLLFNIVLEVLARAIRQEKEIKGIQLGKEEVKLSLFADDMIVYLENPIVSAQNLLKLISNFSKVSGYKINVQKSQAFLYNNNRQTESQIMGELPFTIASKRIKYLGIQLTRDVKDLFKENYKPLLKEIKEDTNKWKNIPCSWVGRINIVKMAILPKVIYRFNAIPIKLPMTFFTELEKTTLKFIWNQKRARIAKSILSQKNKAGGITLPDFKLYYKATVTKTAWYWYQNRDIDQWNRTEPSEIMPHIYNYLIFDKPEKNKQWGKDSLLNKWCWENWLAICRKLKLDPFLTPYTKINSRWIKDLNVKPKTIKTLEENLGITIQDIGVGKDFMSKTPKAMATKDKIDKWDLIKLKSFCTAKETTIRVNRQPTTWEKIFATYSSDKGLISRIYNELKQIYKKKTNNPIKKWAKDMNRHFSKEDIYAAKKHMKKCSSSLAIREMQIKTTMRYHLTPVRMAIIKKSGNNRCWRGCGEIGTLVHCWWDCKLVQPLWKSVWRFLRDLELEIPFDPAIPLLGIYPKDYKSCCYKDTCTRMFIAALFTIAKTWNQPNCPTMIDWIKKMWHIYTMEYYAAIKNDEFISFVGTWMKLETIILSKLSQEQKTKHRIFSLIGGN,27,25,77.0,5.1,197.0,20,0,0,0,0.564,1.706,0,1,10,0.941,0
FKBP4_ORF2,0.0,0.0,0.0,0,0,0.0,0.0,0.189,0.179,0.202,"[1, 2, 3]",Q02790:O00370,MTAEEMKATESGAQSAPLPMEGVDISPKQDEGVLKVIKREGTGTEMPMIGDRVFVHYTGWLLDGTKFDSSLDRKDKFSFDLGKGEVIKAWDIAIATMKVGEVCHITCKPEYAYGSAGSPPKIPPNATLVFEVELFEFKGEDLTEEEDGGIIRRIQTRGEGYAKPNEGAIVEVALEGYYKDKLFDQRELRFEIGEGENLDLPYGLERAIQRMEKGEHSIVYLKPSYAFGSVGKEKFQIPPNAELKYELHLKSFEKAKESWEMNSEEKLEQSTIVKERGTVYFKEGKYKQALLQYKKIVSWLEYESSFSNEEAQKAQALRLASHLNLAMCHLKLQAFSAAIESCNKALELDSNNEKGLFRRGEAHLAVNDFELARADFQKVLQLYPNNKAAKTQLAVCQQRIRRQLAREKKLYANMFERLAEEENKAKAEASSGDHPTDTEMKEEQKSNTAGSQSQVETEA:MTGSNSHITILTLNVNGLNSPIKRHRLASWIKSQDPSVCCIQETHLTCRDTHRLKIKGWRKIYQANGKQKKAGVAILVSDKTDFKPTKIKRDKEGHYIMVKGSIQQEELTILNIYAPNTGAPRFIKQVLSDLQRDLDSHTLIMGDFNTPLSILDRSTRQKVNKDTQELNSALHQTDLIDIYRTLHPKSTEYTFFSAPHHTYSKIDHIVGSKALLSKCKRTEIITNYLSDHSAIKLELRIKNLTQSRSTTWKLNNLLLNDYWVHNEMKAEIKMFFETNENKDTTYQNLWDAFKAVCRGKFIALNAYKRKQERSKIDTLTSQLKELEKQEQTHSKASRRQEITKIRAELKEIETQKTLQKINESRSWFFERINKIDRPLARLIKKKREKNQIDTIKNDKGDITTDPTEIQTTIREYYKHLYANKLENLEEMDTFLDTYTLPRLNQEEVESLNRPITGSEIVAIINSLPTKKSPGPDGFTAEFYQRYKEELVPFLLKLFQSIEKEGILPNSFYEASIILIPKPGRDTTKKENFRPISLMNIDAKILNKILANRIQQHIKKLIHHDQVGFIPGMQGWFNIRKSINVIQHINRAKDKNHVIISIDAEKAFDKIQQPFMLKTLNKLGIDGMYLKIIRAIYDKPTANIILNGQKLEAFPLKTGTRQGCPLSPLLFNIVLEVLARAIRQEKEIKGIQLGKEEVKLSLFADDMIVYLENPIVSAQNLLKLISNFSKVSGYKINVQKSQAFLYNNNRQTESQIMGELPFTIASKRIKYLGIQLTRDVKDLFKENYKPLLKEIKEDTNKWKNIPCSWVGRINIVKMAILPKVIYRFNAIPIKLPMTFFTELEKTTLKFIWNQKRARIAKSILSQKNKAGGITLPDFKLYYKATVTKTAWYWYQNRDIDQWNRTEPSEIMPHIYNYLIFDKPEKNKQWGKDSLLNKWCWENWLAICRKLKLDPFLTPYTKINSRWIKDLNVKPKTIKTLEENLGITIQDIGVGKDFMSKTPKAMATKDKIDKWDLIKLKSFCTAKETTIRVNRQPTTWEKIFATYSSDKGLISRIYNELKQIYKKKTNNPIKKWAKDMNRHFSKEDIYAAKKHMKKCSSSLAIREMQIKTTMRYHLTPVRMAIIKKSGNNRCWRGCGEIGTLVHCWWDCKLVQPLWKSVWRFLRDLELEIPFDPAIPLLGIYPKDYKSCCYKDTCTRMFIAALFTIAKTWNQPNCPTMIDWIKKMWHIYTMEYYAAIKNDEFISFVGTWMKLETIILSKLSQEQKTKHRIFSLIGGN,0,0,0.0,0.0,0.0,0,0,0,0,0.626,1.492,0,1,10,0.844,0
HAX1_ORF2,0.0,0.0,0.0,0,0,0.0,0.0,0.247,0.23,0.265,"[5, 1, 2]",O00165:O00370,MSLFDLFRGFFGFPGPRSHRDPFFGGMTRDEDDDEEEEEEGGSWGRGNPRFHSPQHPPEEFGFGFSFSPGGGIRFHDNFGFDDLVRDFNSIFSDMGAWTLPSHPPELPGPESETPGERLREGQTLRDSMLKYPDSHQPRIFGGVLESDARSESPQPAPDWGSQRPFHRFDDVWPMDPHPRTREDNDLDSQVSQEGLGPVLQPQPKSYFKSISVTKITKPDGIVEERRTVVDSEGRTETTVTRHEADSSPRGDPESPRPPALDDAFSILDLFLGRWFRSR:MTGSNSHITILTLNVNGLNSPIKRHRLASWIKSQDPSVCCIQETHLTCRDTHRLKIKGWRKIYQANGKQKKAGVAILVSDKTDFKPTKIKRDKEGHYIMVKGSIQQEELTILNIYAPNTGAPRFIKQVLSDLQRDLDSHTLIMGDFNTPLSILDRSTRQKVNKDTQELNSALHQTDLIDIYRTLHPKSTEYTFFSAPHHTYSKIDHIVGSKALLSKCKRTEIITNYLSDHSAIKLELRIKNLTQSRSTTWKLNNLLLNDYWVHNEMKAEIKMFFETNENKDTTYQNLWDAFKAVCRGKFIALNAYKRKQERSKIDTLTSQLKELEKQEQTHSKASRRQEITKIRAELKEIETQKTLQKINESRSWFFERINKIDRPLARLIKKKREKNQIDTIKNDKGDITTDPTEIQTTIREYYKHLYANKLENLEEMDTFLDTYTLPRLNQEEVESLNRPITGSEIVAIINSLPTKKSPGPDGFTAEFYQRYKEELVPFLLKLFQSIEKEGILPNSFYEASIILIPKPGRDTTKKENFRPISLMNIDAKILNKILANRIQQHIKKLIHHDQVGFIPGMQGWFNIRKSINVIQHINRAKDKNHVIISIDAEKAFDKIQQPFMLKTLNKLGIDGMYLKIIRAIYDKPTANIILNGQKLEAFPLKTGTRQGCPLSPLLFNIVLEVLARAIRQEKEIKGIQLGKEEVKLSLFADDMIVYLENPIVSAQNLLKLISNFSKVSGYKINVQKSQAFLYNNNRQTESQIMGELPFTIASKRIKYLGIQLTRDVKDLFKENYKPLLKEIKEDTNKWKNIPCSWVGRINIVKMAILPKVIYRFNAIPIKLPMTFFTELEKTTLKFIWNQKRARIAKSILSQKNKAGGITLPDFKLYYKATVTKTAWYWYQNRDIDQWNRTEPSEIMPHIYNYLIFDKPEKNKQWGKDSLLNKWCWENWLAICRKLKLDPFLTPYTKINSRWIKDLNVKPKTIKTLEENLGITIQDIGVGKDFMSKTPKAMATKDKIDKWDLIKLKSFCTAKETTIRVNRQPTTWEKIFATYSSDKGLISRIYNELKQIYKKKTNNPIKKWAKDMNRHFSKEDIYAAKKHMKKCSSSLAIREMQIKTTMRYHLTPVRMAIIKKSGNNRCWRGCGEIGTLVHCWWDCKLVQPLWKSVWRFLRDLELEIPFDPAIPLLGIYPKDYKSCCYKDTCTRMFIAALFTIAKTWNQPNCPTMIDWIKKMWHIYTMEYYAAIKNDEFISFVGTWMKLETIILSKLSQEQKTKHRIFSLIGGN,0,0,0.0,0.0,0.0,0,0,0,0,0.83,2.06,0,1,10,0.782,0
HSP90AB1_ORF2,0.0,0.0,0.0,0,0,0.0,0.0,0.245,0.209,0.299,"[4, 2, 5]",P08238:O00370,MPEEVHHGEEEVETFAFQAEIAQLMSLIINTFYSNKEIFLRELISNASDALDKIRYESLTDPSKLDSGKELKIDIIPNPQERTLTLVDTGIGMTKADLINNLGTIAKSGTKAFMEALQAGADISMIGQFGVGFYSAYLVAEKVVVITKHNDDEQYAWESSAGGSFTVRADHGEPIGRGTKVILHLKEDQTEYLEERRVKEVVKKHSQFIGYPITLYLEKEREKEISDDEAEEEKGEKEEEDKDDEEKPKIEDVGSDEEDDSGKDKKKKTKKIKEKYIDQEELNKTKPIWTRNPDDITQEEYGEFYKSLTNDWEDHLAVKHFSVEGQLEFRALLFIPRRAPFDLFENKKKKNNIKLYVRRVFIMDSCDELIPEYLNFIRGVVDSEDLPLNISREMLQQSKILKVIRKNIVKKCLELFSELAEDKENYKKFYEAFSKNLKLGIHEDSTNRRRLSELLRYHTSQSGDEMTSLSEYVSRMKETQKSIYYITGESKEQVANSAFVERVRKRGFEVVYMTEPIDEYCVQQLKEFDGKSLVSVTKEGLELPEDEEEKKKMEESKAKFENLCKLMKEILDKKVEKVTISNRLVSSPCCIVTSTYGWTANMERIMKAQALRDNSTMGYMMAKKHLEINPDHPIVETLRQKAEADKNDKAVKDLVVLLFETALLSSGFSLEDPQTHSNRIYRMIKLGLGIDEDEVAAEEPNAAVPDEIPPLEGDEDASRMEEVD:MTGSNSHITILTLNVNGLNSPIKRHRLASWIKSQDPSVCCIQETHLTCRDTHRLKIKGWRKIYQANGKQKKAGVAILVSDKTDFKPTKIKRDKEGHYIMVKGSIQQEELTILNIYAPNTGAPRFIKQVLSDLQRDLDSHTLIMGDFNTPLSILDRSTRQKVNKDTQELNSALHQTDLIDIYRTLHPKSTEYTFFSAPHHTYSKIDHIVGSKALLSKCKRTEIITNYLSDHSAIKLELRIKNLTQSRSTTWKLNNLLLNDYWVHNEMKAEIKMFFETNENKDTTYQNLWDAFKAVCRGKFIALNAYKRKQERSKIDTLTSQLKELEKQEQTHSKASRRQEITKIRAELKEIETQKTLQKINESRSWFFERINKIDRPLARLIKKKREKNQIDTIKNDKGDITTDPTEIQTTIREYYKHLYANKLENLEEMDTFLDTYTLPRLNQEEVESLNRPITGSEIVAIINSLPTKKSPGPDGFTAEFYQRYKEELVPFLLKLFQSIEKEGILPNSFYEASIILIPKPGRDTTKKENFRPISLMNIDAKILNKILANRIQQHIKKLIHHDQVGFIPGMQGWFNIRKSINVIQHINRAKDKNHVIISIDAEKAFDKIQQPFMLKTLNKLGIDGMYLKIIRAIYDKPTANIILNGQKLEAFPLKTGTRQGCPLSPLLFNIVLEVLARAIRQEKEIKGIQLGKEEVKLSLFADDMIVYLENPIVSAQNLLKLISNFSKVSGYKINVQKSQAFLYNNNRQTESQIMGELPFTIASKRIKYLGIQLTRDVKDLFKENYKPLLKEIKEDTNKWKNIPCSWVGRINIVKMAILPKVIYRFNAIPIKLPMTFFTELEKTTLKFIWNQKRARIAKSILSQKNKAGGITLPDFKLYYKATVTKTAWYWYQNRDIDQWNRTEPSEIMPHIYNYLIFDKPEKNKQWGKDSLLNKWCWENWLAICRKLKLDPFLTPYTKINSRWIKDLNVKPKTIKTLEENLGITIQDIGVGKDFMSKTPKAMATKDKIDKWDLIKLKSFCTAKETTIRVNRQPTTWEKIFATYSSDKGLISRIYNELKQIYKKKTNNPIKKWAKDMNRHFSKEDIYAAKKHMKKCSSSLAIREMQIKTTMRYHLTPVRMAIIKKSGNNRCWRGCGEIGTLVHCWWDCKLVQPLWKSVWRFLRDLELEIPFDPAIPLLGIYPKDYKSCCYKDTCTRMFIAALFTIAKTWNQPNCPTMIDWIKKMWHIYTMEYYAAIKNDEFISFVGTWMKLETIILSKLSQEQKTKHRIFSLIGGN,0,0,0.0,0.0,0.0,0,0,0,0,0.568,1.726,0,1,10,0.958,0
HSPA1A_ORF2,0.0,0.0,0.0,0,0,0.0,0.0,0.201,0.191,0.211,"[4, 3, 2]",P0DMV9:O00370,MAKAAAIGIDLGTTYSCVGVFQHGKVEIIANDQGNRTTPSYVAFTDTERLIGDAAKNQVALNPQNTVFDAKRLIGRKFGDPVVQSDMKHWPFQVINDGDKPKVQVSYKGETKAFYPEEISSMVLTKMKEIAEAYLGYPVTNAVITVPAYFNDSQRQATKDAGVIAGLNVLRIINEPTAAAIAYGLDRTGKGERNVLIFDLGGGTFDVSILTIDDGIFEVKATAGDTHLGGEDFDNRLVNHFVEEFKRKHKKDISQNKRAVRRLRTACERAKRTLSSSTQASLEIDSLFEGIDFYTSITRARFEELCSDLFRSTLEPVEKALRDAKLDKAQIHDLVLVGGSTRIPKVQKLLQDFFNGRDLNKSINPDEAVAYGAAVQAAILMGDKSENVQDLLLLDVAPLSLGLETAGGVMTALIKRNSTIPTKQTQIFTTYSDNQPGVLIQVYEGERAMTKDNNLLGRFELSGIPPAPRGVPQIEVTFDIDANGILNVTATDKSTGKANKITITNDKGRLSKEEIERMVQEAEKYKAEDEVQRERVSAKNALESYAFNMKSAVEDEGLKGKISEADKKKVLDKCQEVISWLDANTLAEKDEFEHKRKELEQVCNPIISGLYQGAGGPGPGGFGAQGPKGGSGSGPTIEEVD:MTGSNSHITILTLNVNGLNSPIKRHRLASWIKSQDPSVCCIQETHLTCRDTHRLKIKGWRKIYQANGKQKKAGVAILVSDKTDFKPTKIKRDKEGHYIMVKGSIQQEELTILNIYAPNTGAPRFIKQVLSDLQRDLDSHTLIMGDFNTPLSILDRSTRQKVNKDTQELNSALHQTDLIDIYRTLHPKSTEYTFFSAPHHTYSKIDHIVGSKALLSKCKRTEIITNYLSDHSAIKLELRIKNLTQSRSTTWKLNNLLLNDYWVHNEMKAEIKMFFETNENKDTTYQNLWDAFKAVCRGKFIALNAYKRKQERSKIDTLTSQLKELEKQEQTHSKASRRQEITKIRAELKEIETQKTLQKINESRSWFFERINKIDRPLARLIKKKREKNQIDTIKNDKGDITTDPTEIQTTIREYYKHLYANKLENLEEMDTFLDTYTLPRLNQEEVESLNRPITGSEIVAIINSLPTKKSPGPDGFTAEFYQRYKEELVPFLLKLFQSIEKEGILPNSFYEASIILIPKPGRDTTKKENFRPISLMNIDAKILNKILANRIQQHIKKLIHHDQVGFIPGMQGWFNIRKSINVIQHINRAKDKNHVIISIDAEKAFDKIQQPFMLKTLNKLGIDGMYLKIIRAIYDKPTANIILNGQKLEAFPLKTGTRQGCPLSPLLFNIVLEVLARAIRQEKEIKGIQLGKEEVKLSLFADDMIVYLENPIVSAQNLLKLISNFSKVSGYKINVQKSQAFLYNNNRQTESQIMGELPFTIASKRIKYLGIQLTRDVKDLFKENYKPLLKEIKEDTNKWKNIPCSWVGRINIVKMAILPKVIYRFNAIPIKLPMTFFTELEKTTLKFIWNQKRARIAKSILSQKNKAGGITLPDFKLYYKATVTKTAWYWYQNRDIDQWNRTEPSEIMPHIYNYLIFDKPEKNKQWGKDSLLNKWCWENWLAICRKLKLDPFLTPYTKINSRWIKDLNVKPKTIKTLEENLGITIQDIGVGKDFMSKTPKAMATKDKIDKWDLIKLKSFCTAKETTIRVNRQPTTWEKIFATYSSDKGLISRIYNELKQIYKKKTNNPIKKWAKDMNRHFSKEDIYAAKKHMKKCSSSLAIREMQIKTTMRYHLTPVRMAIIKKSGNNRCWRGCGEIGTLVHCWWDCKLVQPLWKSVWRFLRDLELEIPFDPAIPLLGIYPKDYKSCCYKDTCTRMFIAALFTIAKTWNQPNCPTMIDWIKKMWHIYTMEYYAAIKNDEFISFVGTWMKLETIILSKLSQEQKTKHRIFSLIGGN,0,0,0.0,0.0,0.0,0,0,0,0,0.632,1.794,0,1,10,0.967,0
HSPA1B_ORF2,0.0,0.0,0.0,0,0,0.0,0.0,0.21,0.201,0.219,"[5, 4, 2]",P0DMV9:O00370,MAKAAAIGIDLGTTYSCVGVFQHGKVEIIANDQGNRTTPSYVAFTDTERLIGDAAKNQVALNPQNTVFDAKRLIGRKFGDPVVQSDMKHWPFQVINDGDKPKVQVSYKGETKAFYPEEISSMVLTKMKEIAEAYLGYPVTNAVITVPAYFNDSQRQATKDAGVIAGLNVLRIINEPTAAAIAYGLDRTGKGERNVLIFDLGGGTFDVSILTIDDGIFEVKATAGDTHLGGEDFDNRLVNHFVEEFKRKHKKDISQNKRAVRRLRTACERAKRTLSSSTQASLEIDSLFEGIDFYTSITRARFEELCSDLFRSTLEPVEKALRDAKLDKAQIHDLVLVGGSTRIPKVQKLLQDFFNGRDLNKSINPDEAVAYGAAVQAAILMGDKSENVQDLLLLDVAPLSLGLETAGGVMTALIKRNSTIPTKQTQIFTTYSDNQPGVLIQVYEGERAMTKDNNLLGRFELSGIPPAPRGVPQIEVTFDIDANGILNVTATDKSTGKANKITITNDKGRLSKEEIERMVQEAEKYKAEDEVQRERVSAKNALESYAFNMKSAVEDEGLKGKISEADKKKVLDKCQEVISWLDANTLAEKDEFEHKRKELEQVCNPIISGLYQGAGGPGPGGFGAQGPKGGSGSGPTIEEVD:MTGSNSHITILTLNVNGLNSPIKRHRLASWIKSQDPSVCCIQETHLTCRDTHRLKIKGWRKIYQANGKQKKAGVAILVSDKTDFKPTKIKRDKEGHYIMVKGSIQQEELTILNIYAPNTGAPRFIKQVLSDLQRDLDSHTLIMGDFNTPLSILDRSTRQKVNKDTQELNSALHQTDLIDIYRTLHPKSTEYTFFSAPHHTYSKIDHIVGSKALLSKCKRTEIITNYLSDHSAIKLELRIKNLTQSRSTTWKLNNLLLNDYWVHNEMKAEIKMFFETNENKDTTYQNLWDAFKAVCRGKFIALNAYKRKQERSKIDTLTSQLKELEKQEQTHSKASRRQEITKIRAELKEIETQKTLQKINESRSWFFERINKIDRPLARLIKKKREKNQIDTIKNDKGDITTDPTEIQTTIREYYKHLYANKLENLEEMDTFLDTYTLPRLNQEEVESLNRPITGSEIVAIINSLPTKKSPGPDGFTAEFYQRYKEELVPFLLKLFQSIEKEGILPNSFYEASIILIPKPGRDTTKKENFRPISLMNIDAKILNKILANRIQQHIKKLIHHDQVGFIPGMQGWFNIRKSINVIQHINRAKDKNHVIISIDAEKAFDKIQQPFMLKTLNKLGIDGMYLKIIRAIYDKPTANIILNGQKLEAFPLKTGTRQGCPLSPLLFNIVLEVLARAIRQEKEIKGIQLGKEEVKLSLFADDMIVYLENPIVSAQNLLKLISNFSKVSGYKINVQKSQAFLYNNNRQTESQIMGELPFTIASKRIKYLGIQLTRDVKDLFKENYKPLLKEIKEDTNKWKNIPCSWVGRINIVKMAILPKVIYRFNAIPIKLPMTFFTELEKTTLKFIWNQKRARIAKSILSQKNKAGGITLPDFKLYYKATVTKTAWYWYQNRDIDQWNRTEPSEIMPHIYNYLIFDKPEKNKQWGKDSLLNKWCWENWLAICRKLKLDPFLTPYTKINSRWIKDLNVKPKTIKTLEENLGITIQDIGVGKDFMSKTPKAMATKDKIDKWDLIKLKSFCTAKETTIRVNRQPTTWEKIFATYSSDKGLISRIYNELKQIYKKKTNNPIKKWAKDMNRHFSKEDIYAAKKHMKKCSSSLAIREMQIKTTMRYHLTPVRMAIIKKSGNNRCWRGCGEIGTLVHCWWDCKLVQPLWKSVWRFLRDLELEIPFDPAIPLLGIYPKDYKSCCYKDTCTRMFIAALFTIAKTWNQPNCPTMIDWIKKMWHIYTMEYYAAIKNDEFISFVGTWMKLETIILSKLSQEQKTKHRIFSLIGGN,0,0,0.0,0.0,0.0,0,0,0,0,0.632,1.794,0,1,10,0.967,0
HSPA8_ORF2,0.0,0.0,0.0,0,0,0.0,0.0,0.227,0.193,0.28,"[5, 1, 3]",P11142:O00370,MSKGPAVGIDLGTTYSCVGVFQHGKVEIIANDQGNRTTPSYVAFTDTERLIGDAAKNQVAMNPTNTVFDAKRLIGRRFDDAVVQSDMKHWPFMVVNDAGRPKVQVEYKGETKSFYPEEVSSMVLTKMKEIAEAYLGKTVTNAVVTVPAYFNDSQRQATKDAGTIAGLNVLRIINEPTAAAIAYGLDKKVGAERNVLIFDLGGGTFDVSILTIEDGIFEVKSTAGDTHLGGEDFDNRMVNHFIAEFKRKHKKDISENKRAVRRLRTACERAKRTLSSSTQASIEIDSLYEGIDFYTSITRARFEELNADLFRGTLDPVEKALRDAKLDKSQIHDIVLVGGSTRIPKIQKLLQDFFNGKELNKSINPDEAVAYGAAVQAAILSGDKSENVQDLLLLDVTPLSLGIETAGGVMTVLIKRNTTIPTKQTQTFTTYSDNQPGVLIQVYEGERAMTKDNNLLGKFELTGIPPAPRGVPQIEVTFDIDANGILNVSAVDKSTGKENKITITNDKGRLSKEDIERMVQEAEKYKAEDEKQRDKVSSKNSLESYAFNMKATVEDEKLQGKINDEDKQKILDKCNEIINWLDKNQTAEKEEFEHQQKELEKVCNPIITKLYQSAGGMPGGMPGGFPGGGAPPSGGASSGPTIEEVD:MTGSNSHITILTLNVNGLNSPIKRHRLASWIKSQDPSVCCIQETHLTCRDTHRLKIKGWRKIYQANGKQKKAGVAILVSDKTDFKPTKIKRDKEGHYIMVKGSIQQEELTILNIYAPNTGAPRFIKQVLSDLQRDLDSHTLIMGDFNTPLSILDRSTRQKVNKDTQELNSALHQTDLIDIYRTLHPKSTEYTFFSAPHHTYSKIDHIVGSKALLSKCKRTEIITNYLSDHSAIKLELRIKNLTQSRSTTWKLNNLLLNDYWVHNEMKAEIKMFFETNENKDTTYQNLWDAFKAVCRGKFIALNAYKRKQERSKIDTLTSQLKELEKQEQTHSKASRRQEITKIRAELKEIETQKTLQKINESRSWFFERINKIDRPLARLIKKKREKNQIDTIKNDKGDITTDPTEIQTTIREYYKHLYANKLENLEEMDTFLDTYTLPRLNQEEVESLNRPITGSEIVAIINSLPTKKSPGPDGFTAEFYQRYKEELVPFLLKLFQSIEKEGILPNSFYEASIILIPKPGRDTTKKENFRPISLMNIDAKILNKILANRIQQHIKKLIHHDQVGFIPGMQGWFNIRKSINVIQHINRAKDKNHVIISIDAEKAFDKIQQPFMLKTLNKLGIDGMYLKIIRAIYDKPTANIILNGQKLEAFPLKTGTRQGCPLSPLLFNIVLEVLARAIRQEKEIKGIQLGKEEVKLSLFADDMIVYLENPIVSAQNLLKLISNFSKVSGYKINVQKSQAFLYNNNRQTESQIMGELPFTIASKRIKYLGIQLTRDVKDLFKENYKPLLKEIKEDTNKWKNIPCSWVGRINIVKMAILPKVIYRFNAIPIKLPMTFFTELEKTTLKFIWNQKRARIAKSILSQKNKAGGITLPDFKLYYKATVTKTAWYWYQNRDIDQWNRTEPSEIMPHIYNYLIFDKPEKNKQWGKDSLLNKWCWENWLAICRKLKLDPFLTPYTKINSRWIKDLNVKPKTIKTLEENLGITIQDIGVGKDFMSKTPKAMATKDKIDKWDLIKLKSFCTAKETTIRVNRQPTTWEKIFATYSSDKGLISRIYNELKQIYKKKTNNPIKKWAKDMNRHFSKEDIYAAKKHMKKCSSSLAIREMQIKTTMRYHLTPVRMAIIKKSGNNRCWRGCGEIGTLVHCWWDCKLVQPLWKSVWRFLRDLELEIPFDPAIPLLGIYPKDYKSCCYKDTCTRMFIAALFTIAKTWNQPNCPTMIDWIKKMWHIYTMEYYAAIKNDEFISFVGTWMKLETIILSKLSQEQKTKHRIFSLIGGN,0,0,0.0,0.0,0.0,0,0,0,0,0.601,1.909,0,1,10,0.967,0
IPO7_ORF2,0.0,0.0,0.0,0,0,0.0,0.0,0.208,0.207,0.211,"[3, 1, 4]",O95373:O00370,MDPNTIIEALRGTMDPALREAAERQLNEAHKSLNFVSTLLQITMSEQLDLPVRQAGVIYLKNMITQYWPDRETAPGDISPYTIPEEDRHCIRENIVEAIIHSPELIRVQLTTCIHHIIKHDYPSRWTAIVDKIGFYLQSDNSACWLGILLCLYQLVKNYEYKKPEERSPLVAAMQHFLPVLKDRFIQLLSDQSDQSVLIQKQIFKIFYALVQYTLPLELINQQNLTEWIEILKTVVNRDVPNETLQVEEDDRPELPWWKCKKWALHILARLFERYGSPGNVSKEYNEFAEVFLKAFAVGVQQVLLKVLYQYKEKQYMAPRVLQQTLNYINQGVSHALTWKNLKPHIQGIIQDVIFPLMCYTDADEELWQEDPYEYIRMKFDVFEDFISPTTAAQTLLFTACSKRKEVLQKTMGFCYQILTEPNADPRKKDGALHMIGSLAEILLKKKIYKDQMEYMLQNHVFPLFSSELGYMRARACWVLHYFCEVKFKSDQNLQTALELTRRCLIDDREMPVKVEAAIALQVLISNQEKAKEYITPFIRPVMQALLHIIRETENDDLTNVIQKMICEYSEEVTPIAVEMTQHLAMTFNQVIQTGPDEEGSDDKAVTAMGILNTIDTLLSVVEDHKEITQQLEGICLQVIGTVLQQHVLEFYEEIFSLAHSLTCQQVSPQMWQLLPLVFEVFQQDGFDYFTDMMPLLHNYVTVDTDTLLSDTKYLEMIYSMCKKVLTGVAGEDAECHAAKLLEVIILQCKGRGIDQCIPLFVEAALERLTREVKTSELRTMCLQVAIAALYYNPHLLLNTLENLRFPNNVEPVTNHFITQWLNDVDCFLGLHDRKMCVLGLCALIDMEQIPQVLNQVSGQILPAFILLFNGLKRAYACHAEHENDSDDDDEAEDDDETEELGSDEDDIDEDGQEYLEILAKQAGEDGDDEDWEEDDAEETALEGYSTIIDDEDNPVDEYQIFKAIFQTIQNRNPVWYQALTHGLNEEQRKQLQDIATLADQRRAAHESKMIEKHGGYKFSAPVVPSSFNFGGPAPGMN:MTGSNSHITILTLNVNGLNSPIKRHRLASWIKSQDPSVCCIQETHLTCRDTHRLKIKGWRKIYQANGKQKKAGVAILVSDKTDFKPTKIKRDKEGHYIMVKGSIQQEELTILNIYAPNTGAPRFIKQVLSDLQRDLDSHTLIMGDFNTPLSILDRSTRQKVNKDTQELNSALHQTDLIDIYRTLHPKSTEYTFFSAPHHTYSKIDHIVGSKALLSKCKRTEIITNYLSDHSAIKLELRIKNLTQSRSTTWKLNNLLLNDYWVHNEMKAEIKMFFETNENKDTTYQNLWDAFKAVCRGKFIALNAYKRKQERSKIDTLTSQLKELEKQEQTHSKASRRQEITKIRAELKEIETQKTLQKINESRSWFFERINKIDRPLARLIKKKREKNQIDTIKNDKGDITTDPTEIQTTIREYYKHLYANKLENLEEMDTFLDTYTLPRLNQEEVESLNRPITGSEIVAIINSLPTKKSPGPDGFTAEFYQRYKEELVPFLLKLFQSIEKEGILPNSFYEASIILIPKPGRDTTKKENFRPISLMNIDAKILNKILANRIQQHIKKLIHHDQVGFIPGMQGWFNIRKSINVIQHINRAKDKNHVIISIDAEKAFDKIQQPFMLKTLNKLGIDGMYLKIIRAIYDKPTANIILNGQKLEAFPLKTGTRQGCPLSPLLFNIVLEVLARAIRQEKEIKGIQLGKEEVKLSLFADDMIVYLENPIVSAQNLLKLISNFSKVSGYKINVQKSQAFLYNNNRQTESQIMGELPFTIASKRIKYLGIQLTRDVKDLFKENYKPLLKEIKEDTNKWKNIPCSWVGRINIVKMAILPKVIYRFNAIPIKLPMTFFTELEKTTLKFIWNQKRARIAKSILSQKNKAGGITLPDFKLYYKATVTKTAWYWYQNRDIDQWNRTEPSEIMPHIYNYLIFDKPEKNKQWGKDSLLNKWCWENWLAICRKLKLDPFLTPYTKINSRWIKDLNVKPKTIKTLEENLGITIQDIGVGKDFMSKTPKAMATKDKIDKWDLIKLKSFCTAKETTIRVNRQPTTWEKIFATYSSDKGLISRIYNELKQIYKKKTNNPIKKWAKDMNRHFSKEDIYAAKKHMKKCSSSLAIREMQIKTTMRYHLTPVRMAIIKKSGNNRCWRGCGEIGTLVHCWWDCKLVQPLWKSVWRFLRDLELEIPFDPAIPLLGIYPKDYKSCCYKDTCTRMFIAALFTIAKTWNQPNCPTMIDWIKKMWHIYTMEYYAAIKNDEFISFVGTWMKLETIILSKLSQEQKTKHRIFSLIGGN,0,0,0.0,0.0,0.0,0,0,0,0,0.449,1.249,0,1,10,0.882,0
NAP1L1_ORF2,0.0,0.0,0.0,0,0,0.0,0.0,0.298,0.266,0.335,"[5, 3, 4]",P55209:O00370,MADIDNKEQSELDQDLDDVEEVEEEETGEETKLKARQLTVQMMQNPQILAALQERLDGLVETPTGYIESLPRVVKRRVNALKNLQVKCAQIEAKFYEEVHDLERKYAVLYQPLFDKRFEIINAIYEPTEEECEWKPDEEDEISEELKEKAKIEDEKKDEEKEDPKGIPEFWLTVFKNVDLLSDMVQEHDEPILKHLKDIKVKFSDAGQPMSFVLEFHFEPNEYFTNEVLTKTYRMRSEPDDSDPFSFDGPEIMGCTGCQIDWKKGKNVTLKTIKKKQKHKGRGTVRTVTKTVSNDSFFNFFAPPEVPESGDLDDDAEAILAADFEIGHFLRERIIPRSVLYFTGEAIEDDDDDYDEEGEEADEEGEEEGDEENDPDYDPKKDQNPAECKQQ:MTGSNSHITILTLNVNGLNSPIKRHRLASWIKSQDPSVCCIQETHLTCRDTHRLKIKGWRKIYQANGKQKKAGVAILVSDKTDFKPTKIKRDKEGHYIMVKGSIQQEELTILNIYAPNTGAPRFIKQVLSDLQRDLDSHTLIMGDFNTPLSILDRSTRQKVNKDTQELNSALHQTDLIDIYRTLHPKSTEYTFFSAPHHTYSKIDHIVGSKALLSKCKRTEIITNYLSDHSAIKLELRIKNLTQSRSTTWKLNNLLLNDYWVHNEMKAEIKMFFETNENKDTTYQNLWDAFKAVCRGKFIALNAYKRKQERSKIDTLTSQLKELEKQEQTHSKASRRQEITKIRAELKEIETQKTLQKINESRSWFFERINKIDRPLARLIKKKREKNQIDTIKNDKGDITTDPTEIQTTIREYYKHLYANKLENLEEMDTFLDTYTLPRLNQEEVESLNRPITGSEIVAIINSLPTKKSPGPDGFTAEFYQRYKEELVPFLLKLFQSIEKEGILPNSFYEASIILIPKPGRDTTKKENFRPISLMNIDAKILNKILANRIQQHIKKLIHHDQVGFIPGMQGWFNIRKSINVIQHINRAKDKNHVIISIDAEKAFDKIQQPFMLKTLNKLGIDGMYLKIIRAIYDKPTANIILNGQKLEAFPLKTGTRQGCPLSPLLFNIVLEVLARAIRQEKEIKGIQLGKEEVKLSLFADDMIVYLENPIVSAQNLLKLISNFSKVSGYKINVQKSQAFLYNNNRQTESQIMGELPFTIASKRIKYLGIQLTRDVKDLFKENYKPLLKEIKEDTNKWKNIPCSWVGRINIVKMAILPKVIYRFNAIPIKLPMTFFTELEKTTLKFIWNQKRARIAKSILSQKNKAGGITLPDFKLYYKATVTKTAWYWYQNRDIDQWNRTEPSEIMPHIYNYLIFDKPEKNKQWGKDSLLNKWCWENWLAICRKLKLDPFLTPYTKINSRWIKDLNVKPKTIKTLEENLGITIQDIGVGKDFMSKTPKAMATKDKIDKWDLIKLKSFCTAKETTIRVNRQPTTWEKIFATYSSDKGLISRIYNELKQIYKKKTNNPIKKWAKDMNRHFSKEDIYAAKKHMKKCSSSLAIREMQIKTTMRYHLTPVRMAIIKKSGNNRCWRGCGEIGTLVHCWWDCKLVQPLWKSVWRFLRDLELEIPFDPAIPLLGIYPKDYKSCCYKDTCTRMFIAALFTIAKTWNQPNCPTMIDWIKKMWHIYTMEYYAAIKNDEFISFVGTWMKLETIILSKLSQEQKTKHRIFSLIGGN,0,0,0.0,0.0,0.0,0,0,0,0,0.581,1.562,0,1,10,0.91,0
ORF2_ORF2,0.0,0.333,0.333,1,1,0.0,0.0,0.273,0.246,0.307,"[3, 5, 1]",O00370:O00370,MTGSNSHITILTLNVNGLNSPIKRHRLASWIKSQDPSVCCIQETHLTCRDTHRLKIKGWRKIYQANGKQKKAGVAILVSDKTDFKPTKIKRDKEGHYIMVKGSIQQEELTILNIYAPNTGAPRFIKQVLSDLQRDLDSHTLIMGDFNTPLSILDRSTRQKVNKDTQELNSALHQTDLIDIYRTLHPKSTEYTFFSAPHHTYSKIDHIVGSKALLSKCKRTEIITNYLSDHSAIKLELRIKNLTQSRSTTWKLNNLLLNDYWVHNEMKAEIKMFFETNENKDTTYQNLWDAFKAVCRGKFIALNAYKRKQERSKIDTLTSQLKELEKQEQTHSKASRRQEITKIRAELKEIETQKTLQKINESRSWFFERINKIDRPLARLIKKKREKNQIDTIKNDKGDITTDPTEIQTTIREYYKHLYANKLENLEEMDTFLDTYTLPRLNQEEVESLNRPITGSEIVAIINSLPTKKSPGPDGFTAEFYQRYKEELVPFLLKLFQSIEKEGILPNSFYEASIILIPKPGRDTTKKENFRPISLMNIDAKILNKILANRIQQHIKKLIHHDQVGFIPGMQGWFNIRKSINVIQHINRAKDKNHVIISIDAEKAFDKIQQPFMLKTLNKLGIDGMYLKIIRAIYDKPTANIILNGQKLEAFPLKTGTRQGCPLSPLLFNIVLEVLARAIRQEKEIKGIQLGKEEVKLSLFADDMIVYLENPIVSAQNLLKLISNFSKVSGYKINVQKSQAFLYNNNRQTESQIMGELPFTIASKRIKYLGIQLTRDVKDLFKENYKPLLKEIKEDTNKWKNIPCSWVGRINIVKMAILPKVIYRFNAIPIKLPMTFFTELEKTTLKFIWNQKRARIAKSILSQKNKAGGITLPDFKLYYKATVTKTAWYWYQNRDIDQWNRTEPSEIMPHIYNYLIFDKPEKNKQWGKDSLLNKWCWENWLAICRKLKLDPFLTPYTKINSRWIKDLNVKPKTIKTLEENLGITIQDIGVGKDFMSKTPKAMATKDKIDKWDLIKLKSFCTAKETTIRVNRQPTTWEKIFATYSSDKGLISRIYNELKQIYKKKTNNPIKKWAKDMNRHFSKEDIYAAKKHMKKCSSSLAIREMQIKTTMRYHLTPVRMAIIKKSGNNRCWRGCGEIGTLVHCWWDCKLVQPLWKSVWRFLRDLELEIPFDPAIPLLGIYPKDYKSCCYKDTCTRMFIAALFTIAKTWNQPNCPTMIDWIKKMWHIYTMEYYAAIKNDEFISFVGTWMKLETIILSKLSQEQKTKHRIFSLIGGN:MTGSNSHITILTLNVNGLNSPIKRHRLASWIKSQDPSVCCIQETHLTCRDTHRLKIKGWRKIYQANGKQKKAGVAILVSDKTDFKPTKIKRDKEGHYIMVKGSIQQEELTILNIYAPNTGAPRFIKQVLSDLQRDLDSHTLIMGDFNTPLSILDRSTRQKVNKDTQELNSALHQTDLIDIYRTLHPKSTEYTFFSAPHHTYSKIDHIVGSKALLSKCKRTEIITNYLSDHSAIKLELRIKNLTQSRSTTWKLNNLLLNDYWVHNEMKAEIKMFFETNENKDTTYQNLWDAFKAVCRGKFIALNAYKRKQERSKIDTLTSQLKELEKQEQTHSKASRRQEITKIRAELKEIETQKTLQKINESRSWFFERINKIDRPLARLIKKKREKNQIDTIKNDKGDITTDPTEIQTTIREYYKHLYANKLENLEEMDTFLDTYTLPRLNQEEVESLNRPITGSEIVAIINSLPTKKSPGPDGFTAEFYQRYKEELVPFLLKLFQSIEKEGILPNSFYEASIILIPKPGRDTTKKENFRPISLMNIDAKILNKILANRIQQHIKKLIHHDQVGFIPGMQGWFNIRKSINVIQHINRAKDKNHVIISIDAEKAFDKIQQPFMLKTLNKLGIDGMYLKIIRAIYDKPTANIILNGQKLEAFPLKTGTRQGCPLSPLLFNIVLEVLARAIRQEKEIKGIQLGKEEVKLSLFADDMIVYLENPIVSAQNLLKLISNFSKVSGYKINVQKSQAFLYNNNRQTESQIMGELPFTIASKRIKYLGIQLTRDVKDLFKENYKPLLKEIKEDTNKWKNIPCSWVGRINIVKMAILPKVIYRFNAIPIKLPMTFFTELEKTTLKFIWNQKRARIAKSILSQKNKAGGITLPDFKLYYKATVTKTAWYWYQNRDIDQWNRTEPSEIMPHIYNYLIFDKPEKNKQWGKDSLLNKWCWENWLAICRKLKLDPFLTPYTKINSRWIKDLNVKPKTIKTLEENLGITIQDIGVGKDFMSKTPKAMATKDKIDKWDLIKLKSFCTAKETTIRVNRQPTTWEKIFATYSSDKGLISRIYNELKQIYKKKTNNPIKKWAKDMNRHFSKEDIYAAKKHMKKCSSSLAIREMQIKTTMRYHLTPVRMAIIKKSGNNRCWRGCGEIGTLVHCWWDCKLVQPLWKSVWRFLRDLELEIPFDPAIPLLGIYPKDYKSCCYKDTCTRMFIAALFTIAKTWNQPNCPTMIDWIKKMWHIYTMEYYAAIKNDEFISFVGTWMKLETIILSKLSQEQKTKHRIFSLIGGN,1,2,73.0,15.0,62.0,0,0,0,0,0.0,0.0,0,1,10,1.0,0
PARP1_ORF2,0.0,0.0,0.0,0,0,0.0,0.0,0.212,0.203,0.217,"[3, 2, 1]",P09874:O00370,MAESSDKLYRVEYAKSGRASCKKCSESIPKDSLRMAIMVQSPMFDGKVPHWYHFSCFWKVGHSIRHPDVEVDGFSELRWDDQQKVKKTAEAGGVTGKGQDGIGSKAEKTLGDFAAEYAKSNRSTCKGCMEKIEKGQVRLSKKMVDPEKPQLGMIDRWYHPGCFVKNREELGFRPEYSASQLKGFSLLATEDKEALKKQLPGVKSEGKRKGDEVDGVDEVAKKKSKKEKDKDSKLEKALKAQNDLIWNIKDELKKVCSTNDLKELLIFNKQQVPSGESAILDRVADGMVFGALLPCEECSGQLVFKSDAYYCTGDVTAWTKCMVKTQTPNRKEWVTPKEFREISYLKKLKVKKQDRIFPPETSASVAATPPPSTASAPAAVNSSASADKPLSNMKILTLGKLSRNKDEVKAMIEKLGGKLTGTANKASLCISTKKEVEKMNKKMEEVKEANIRVVSEDFLQDVSASTKSLQELFLAHILSPWGAEVKAEPVEVVAPRGKSGAALSKKSKGQVKEEGINKSEKRMKLTLKGGAAVDPDSGLEHSAHVLEKGGKVFSATLGLVDIVKGTNSYYKLQLLEDDKENRYWIFRSWGRVGTVIGSNKLEQMPSKEDAIEHFMKLYEEKTGNAWHSKNFTKYPKKFYPLEIDYGQDEEAVKKLTVNPGTKSKLPKPVQDLIKMIFDVESMKKAMVEYEIDLQKMPLGKLSKRQIQAAYSILSEVQQAVSQGSSDSQILDLSNRFYTLIPHDFGMKKPPLLNNADSVQAKVEMLDNLLDIEVAYSLLRGGSDDSSKDPIDVNYEKLKTDIKVVDRDSEEAEIIRKYVKNTHATTHNAYDLEVIDIFKIEREGECQRYKPFKQLHNRRLLWHGSRTTNFAGILSQGLRIAPPEAPVTGYMFGKGIYFADMVSKSANYCHTSQGDPIGLILLGEVALGNMYELKHASHISKLPKGKHSVKGLGKTTPDPSANISLDGVDVPLGTGISSGVNDTSLLYNEYIVYDIAQVNLKYLLKLKFNFKTSLW:MTGSNSHITILTLNVNGLNSPIKRHRLASWIKSQDPSVCCIQETHLTCRDTHRLKIKGWRKIYQANGKQKKAGVAILVSDKTDFKPTKIKRDKEGHYIMVKGSIQQEELTILNIYAPNTGAPRFIKQVLSDLQRDLDSHTLIMGDFNTPLSILDRSTRQKVNKDTQELNSALHQTDLIDIYRTLHPKSTEYTFFSAPHHTYSKIDHIVGSKALLSKCKRTEIITNYLSDHSAIKLELRIKNLTQSRSTTWKLNNLLLNDYWVHNEMKAEIKMFFETNENKDTTYQNLWDAFKAVCRGKFIALNAYKRKQERSKIDTLTSQLKELEKQEQTHSKASRRQEITKIRAELKEIETQKTLQKINESRSWFFERINKIDRPLARLIKKKREKNQIDTIKNDKGDITTDPTEIQTTIREYYKHLYANKLENLEEMDTFLDTYTLPRLNQEEVESLNRPITGSEIVAIINSLPTKKSPGPDGFTAEFYQRYKEELVPFLLKLFQSIEKEGILPNSFYEASIILIPKPGRDTTKKENFRPISLMNIDAKILNKILANRIQQHIKKLIHHDQVGFIPGMQGWFNIRKSINVIQHINRAKDKNHVIISIDAEKAFDKIQQPFMLKTLNKLGIDGMYLKIIRAIYDKPTANIILNGQKLEAFPLKTGTRQGCPLSPLLFNIVLEVLARAIRQEKEIKGIQLGKEEVKLSLFADDMIVYLENPIVSAQNLLKLISNFSKVSGYKINVQKSQAFLYNNNRQTESQIMGELPFTIASKRIKYLGIQLTRDVKDLFKENYKPLLKEIKEDTNKWKNIPCSWVGRINIVKMAILPKVIYRFNAIPIKLPMTFFTELEKTTLKFIWNQKRARIAKSILSQKNKAGGITLPDFKLYYKATVTKTAWYWYQNRDIDQWNRTEPSEIMPHIYNYLIFDKPEKNKQWGKDSLLNKWCWENWLAICRKLKLDPFLTPYTKINSRWIKDLNVKPKTIKTLEENLGITIQDIGVGKDFMSKTPKAMATKDKIDKWDLIKLKSFCTAKETTIRVNRQPTTWEKIFATYSSDKGLISRIYNELKQIYKKKTNNPIKKWAKDMNRHFSKEDIYAAKKHMKKCSSSLAIREMQIKTTMRYHLTPVRMAIIKKSGNNRCWRGCGEIGTLVHCWWDCKLVQPLWKSVWRFLRDLELEIPFDPAIPLLGIYPKDYKSCCYKDTCTRMFIAALFTIAKTWNQPNCPTMIDWIKKMWHIYTMEYYAAIKNDEFISFVGTWMKLETIILSKLSQEQKTKHRIFSLIGGN,0,0,0.0,0.0,0.0,0,0,0,0,0.533,1.372,0,1,10,0.925,0
PURA_ORF2,0.0,0.0,0.0,0,0,0.0,0.0,0.191,0.186,0.198,"[3, 1, 5]",Q00577:O00370,MADRDSGSEQGGAALGSGGSLGHPGSGSGSGGGGGGGGGGGGSGGGGGGAPGGLQHETQELASKRVDIQNKRFYLDVKQNAKGRFLKIAEVGAGGNKSRLTLSMSVAVEFRDYLGDFIEHYAQLGPSQPPDLAQAQDEPRRALKSEFLVRENRKYYMDLKENQRGRFLRIRQTVNRGPGLGSTQGQTIALPAQGLIEFRDALAKLIDDYGVEEEPAELPEGTSLTVDNKRFFFDVGSNKYGVFMRVSEVKPTYRNSITVPYKVWAKFGHTFCKYSEEMKKIQEKQREKRAACEQLHQQQQQQQEETAAATLLLQGEEEGEED:MTGSNSHITILTLNVNGLNSPIKRHRLASWIKSQDPSVCCIQETHLTCRDTHRLKIKGWRKIYQANGKQKKAGVAILVSDKTDFKPTKIKRDKEGHYIMVKGSIQQEELTILNIYAPNTGAPRFIKQVLSDLQRDLDSHTLIMGDFNTPLSILDRSTRQKVNKDTQELNSALHQTDLIDIYRTLHPKSTEYTFFSAPHHTYSKIDHIVGSKALLSKCKRTEIITNYLSDHSAIKLELRIKNLTQSRSTTWKLNNLLLNDYWVHNEMKAEIKMFFETNENKDTTYQNLWDAFKAVCRGKFIALNAYKRKQERSKIDTLTSQLKELEKQEQTHSKASRRQEITKIRAELKEIETQKTLQKINESRSWFFERINKIDRPLARLIKKKREKNQIDTIKNDKGDITTDPTEIQTTIREYYKHLYANKLENLEEMDTFLDTYTLPRLNQEEVESLNRPITGSEIVAIINSLPTKKSPGPDGFTAEFYQRYKEELVPFLLKLFQSIEKEGILPNSFYEASIILIPKPGRDTTKKENFRPISLMNIDAKILNKILANRIQQHIKKLIHHDQVGFIPGMQGWFNIRKSINVIQHINRAKDKNHVIISIDAEKAFDKIQQPFMLKTLNKLGIDGMYLKIIRAIYDKPTANIILNGQKLEAFPLKTGTRQGCPLSPLLFNIVLEVLARAIRQEKEIKGIQLGKEEVKLSLFADDMIVYLENPIVSAQNLLKLISNFSKVSGYKINVQKSQAFLYNNNRQTESQIMGELPFTIASKRIKYLGIQLTRDVKDLFKENYKPLLKEIKEDTNKWKNIPCSWVGRINIVKMAILPKVIYRFNAIPIKLPMTFFTELEKTTLKFIWNQKRARIAKSILSQKNKAGGITLPDFKLYYKATVTKTAWYWYQNRDIDQWNRTEPSEIMPHIYNYLIFDKPEKNKQWGKDSLLNKWCWENWLAICRKLKLDPFLTPYTKINSRWIKDLNVKPKTIKTLEENLGITIQDIGVGKDFMSKTPKAMATKDKIDKWDLIKLKSFCTAKETTIRVNRQPTTWEKIFATYSSDKGLISRIYNELKQIYKKKTNNPIKKWAKDMNRHFSKEDIYAAKKHMKKCSSSLAIREMQIKTTMRYHLTPVRMAIIKKSGNNRCWRGCGEIGTLVHCWWDCKLVQPLWKSVWRFLRDLELEIPFDPAIPLLGIYPKDYKSCCYKDTCTRMFIAALFTIAKTWNQPNCPTMIDWIKKMWHIYTMEYYAAIKNDEFISFVGTWMKLETIILSKLSQEQKTKHRIFSLIGGN,0,0,0.0,0.0,0.0,0,0,0,0,0.578,1.521,0,1,10,0.851,0
PURB_ORF2,0.0,0.0,0.0,0,0,0.0,0.0,0.199,0.184,0.22,"[2, 4, 3]",Q96QR8:O00370,MADGDSGSERGGGGGPCGFQPASRGGGEQETQELASKRLDIQNKRFYLDVKQNAKGRFLKIAEVGAGGSKSRLTLSMAVAAEFRDSLGDFIEHYAQLGPSSPEQLAAGAEEGGGPRRALKSEFLVRENRKYYLDLKENQRGRFLRIRQTVNRGGGGFGAGPGPGGLQSGQTIALPAQGLIEFRDALAKLIDDYGGEDDELAGGPGGGAGGPGGGLYGELPEGTSITVDSKRFFFDVGCNKYGVFLRVSEVKPSYRNAITVPFKAWGKFGGAFCRYADEMKEIQERQRDKLYERRGGGSGGGEESEGEEVDED:MTGSNSHITILTLNVNGLNSPIKRHRLASWIKSQDPSVCCIQETHLTCRDTHRLKIKGWRKIYQANGKQKKAGVAILVSDKTDFKPTKIKRDKEGHYIMVKGSIQQEELTILNIYAPNTGAPRFIKQVLSDLQRDLDSHTLIMGDFNTPLSILDRSTRQKVNKDTQELNSALHQTDLIDIYRTLHPKSTEYTFFSAPHHTYSKIDHIVGSKALLSKCKRTEIITNYLSDHSAIKLELRIKNLTQSRSTTWKLNNLLLNDYWVHNEMKAEIKMFFETNENKDTTYQNLWDAFKAVCRGKFIALNAYKRKQERSKIDTLTSQLKELEKQEQTHSKASRRQEITKIRAELKEIETQKTLQKINESRSWFFERINKIDRPLARLIKKKREKNQIDTIKNDKGDITTDPTEIQTTIREYYKHLYANKLENLEEMDTFLDTYTLPRLNQEEVESLNRPITGSEIVAIINSLPTKKSPGPDGFTAEFYQRYKEELVPFLLKLFQSIEKEGILPNSFYEASIILIPKPGRDTTKKENFRPISLMNIDAKILNKILANRIQQHIKKLIHHDQVGFIPGMQGWFNIRKSINVIQHINRAKDKNHVIISIDAEKAFDKIQQPFMLKTLNKLGIDGMYLKIIRAIYDKPTANIILNGQKLEAFPLKTGTRQGCPLSPLLFNIVLEVLARAIRQEKEIKGIQLGKEEVKLSLFADDMIVYLENPIVSAQNLLKLISNFSKVSGYKINVQKSQAFLYNNNRQTESQIMGELPFTIASKRIKYLGIQLTRDVKDLFKENYKPLLKEIKEDTNKWKNIPCSWVGRINIVKMAILPKVIYRFNAIPIKLPMTFFTELEKTTLKFIWNQKRARIAKSILSQKNKAGGITLPDFKLYYKATVTKTAWYWYQNRDIDQWNRTEPSEIMPHIYNYLIFDKPEKNKQWGKDSLLNKWCWENWLAICRKLKLDPFLTPYTKINSRWIKDLNVKPKTIKTLEENLGITIQDIGVGKDFMSKTPKAMATKDKIDKWDLIKLKSFCTAKETTIRVNRQPTTWEKIFATYSSDKGLISRIYNELKQIYKKKTNNPIKKWAKDMNRHFSKEDIYAAKKHMKKCSSSLAIREMQIKTTMRYHLTPVRMAIIKKSGNNRCWRGCGEIGTLVHCWWDCKLVQPLWKSVWRFLRDLELEIPFDPAIPLLGIYPKDYKSCCYKDTCTRMFIAALFTIAKTWNQPNCPTMIDWIKKMWHIYTMEYYAAIKNDEFISFVGTWMKLETIILSKLSQEQKTKHRIFSLIGGN,0,0,0.0,0.0,0.0,0,0,0,0,0.627,1.577,0,1,10,0.869,0
TUBB4B_ORF2,0.0,0.0,0.0,0,0,0.0,0.0,0.188,0.181,0.2,"[3, 5, 1]",P68371:O00370,MREIVHLQAGQCGNQIGAKFWEVISDEHGIDPTGTYHGDSDLQLERINVYYNEATGGKYVPRAVLVDLEPGTMDSVRSGPFGQIFRPDNFVFGQSGAGNNWAKGHYTEGAELVDSVLDVVRKEAESCDCLQGFQLTHSLGGGTGSGMGTLLISKIREEYPDRIMNTFSVVPSPKVSDTVVEPYNATLSVHQLVENTDETYCIDNEALYDICFRTLKLTTPTYGDLNHLVSATMSGVTTCLRFPGQLNADLRKLAVNMVPFPRLHFFMPGFAPLTSRGSQQYRALTVPELTQQMFDAKNMMAACDPRHGRYLTVAAVFRGRMSMKEVDEQMLNVQNKNSSYFVEWIPNNVKTAVCDIPPRGLKMSATFIGNSTAIQELFKRISEQFTAMFRRKAFLHWYTGEGMDEMEFTEAESNMNDLVSEYQQYQDATAEEEGEFEEEAEEEVA:MTGSNSHITILTLNVNGLNSPIKRHRLASWIKSQDPSVCCIQETHLTCRDTHRLKIKGWRKIYQANGKQKKAGVAILVSDKTDFKPTKIKRDKEGHYIMVKGSIQQEELTILNIYAPNTGAPRFIKQVLSDLQRDLDSHTLIMGDFNTPLSILDRSTRQKVNKDTQELNSALHQTDLIDIYRTLHPKSTEYTFFSAPHHTYSKIDHIVGSKALLSKCKRTEIITNYLSDHSAIKLELRIKNLTQSRSTTWKLNNLLLNDYWVHNEMKAEIKMFFETNENKDTTYQNLWDAFKAVCRGKFIALNAYKRKQERSKIDTLTSQLKELEKQEQTHSKASRRQEITKIRAELKEIETQKTLQKINESRSWFFERINKIDRPLARLIKKKREKNQIDTIKNDKGDITTDPTEIQTTIREYYKHLYANKLENLEEMDTFLDTYTLPRLNQEEVESLNRPITGSEIVAIINSLPTKKSPGPDGFTAEFYQRYKEELVPFLLKLFQSIEKEGILPNSFYEASIILIPKPGRDTTKKENFRPISLMNIDAKILNKILANRIQQHIKKLIHHDQVGFIPGMQGWFNIRKSINVIQHINRAKDKNHVIISIDAEKAFDKIQQPFMLKTLNKLGIDGMYLKIIRAIYDKPTANIILNGQKLEAFPLKTGTRQGCPLSPLLFNIVLEVLARAIRQEKEIKGIQLGKEEVKLSLFADDMIVYLENPIVSAQNLLKLISNFSKVSGYKINVQKSQAFLYNNNRQTESQIMGELPFTIASKRIKYLGIQLTRDVKDLFKENYKPLLKEIKEDTNKWKNIPCSWVGRINIVKMAILPKVIYRFNAIPIKLPMTFFTELEKTTLKFIWNQKRARIAKSILSQKNKAGGITLPDFKLYYKATVTKTAWYWYQNRDIDQWNRTEPSEIMPHIYNYLIFDKPEKNKQWGKDSLLNKWCWENWLAICRKLKLDPFLTPYTKINSRWIKDLNVKPKTIKTLEENLGITIQDIGVGKDFMSKTPKAMATKDKIDKWDLIKLKSFCTAKETTIRVNRQPTTWEKIFATYSSDKGLISRIYNELKQIYKKKTNNPIKKWAKDMNRHFSKEDIYAAKKHMKKCSSSLAIREMQIKTTMRYHLTPVRMAIIKKSGNNRCWRGCGEIGTLVHCWWDCKLVQPLWKSVWRFLRDLELEIPFDPAIPLLGIYPKDYKSCCYKDTCTRMFIAALFTIAKTWNQPNCPTMIDWIKKMWHIYTMEYYAAIKNDEFISFVGTWMKLETIILSKLSQEQKTKHRIFSLIGGN,0,0,0.0,0.0,0.0,0,0,0,0,0.608,2.246,0,1,10,0.819,0
TUBB_ORF2,0.0,0.0,0.0,0,0,0.0,0.0,0.211,0.193,0.223,"[1, 4, 2]",P07437:O00370,MREIVHIQAGQCGNQIGAKFWEVISDEHGIDPTGTYHGDSDLQLDRISVYYNEATGGKYVPRAILVDLEPGTMDSVRSGPFGQIFRPDNFVFGQSGAGNNWAKGHYTEGAELVDSVLDVVRKEAESCDCLQGFQLTHSLGGGTGSGMGTLLISKIREEYPDRIMNTFSVVPSPKVSDTVVEPYNATLSVHQLVENTDETYCIDNEALYDICFRTLKLTTPTYGDLNHLVSATMSGVTTCLRFPGQLNADLRKLAVNMVPFPRLHFFMPGFAPLTSRGSQQYRALTVPELTQQVFDAKNMMAACDPRHGRYLTVAAVFRGRMSMKEVDEQMLNVQNKNSSYFVEWIPNNVKTAVCDIPPRGLKMAVTFIGNSTAIQELFKRISEQFTAMFRRKAFLHWYTGEGMDEMEFTEAESNMNDLVSEYQQYQDATAEEEEDFGEEAEEEA:MTGSNSHITILTLNVNGLNSPIKRHRLASWIKSQDPSVCCIQETHLTCRDTHRLKIKGWRKIYQANGKQKKAGVAILVSDKTDFKPTKIKRDKEGHYIMVKGSIQQEELTILNIYAPNTGAPRFIKQVLSDLQRDLDSHTLIMGDFNTPLSILDRSTRQKVNKDTQELNSALHQTDLIDIYRTLHPKSTEYTFFSAPHHTYSKIDHIVGSKALLSKCKRTEIITNYLSDHSAIKLELRIKNLTQSRSTTWKLNNLLLNDYWVHNEMKAEIKMFFETNENKDTTYQNLWDAFKAVCRGKFIALNAYKRKQERSKIDTLTSQLKELEKQEQTHSKASRRQEITKIRAELKEIETQKTLQKINESRSWFFERINKIDRPLARLIKKKREKNQIDTIKNDKGDITTDPTEIQTTIREYYKHLYANKLENLEEMDTFLDTYTLPRLNQEEVESLNRPITGSEIVAIINSLPTKKSPGPDGFTAEFYQRYKEELVPFLLKLFQSIEKEGILPNSFYEASIILIPKPGRDTTKKENFRPISLMNIDAKILNKILANRIQQHIKKLIHHDQVGFIPGMQGWFNIRKSINVIQHINRAKDKNHVIISIDAEKAFDKIQQPFMLKTLNKLGIDGMYLKIIRAIYDKPTANIILNGQKLEAFPLKTGTRQGCPLSPLLFNIVLEVLARAIRQEKEIKGIQLGKEEVKLSLFADDMIVYLENPIVSAQNLLKLISNFSKVSGYKINVQKSQAFLYNNNRQTESQIMGELPFTIASKRIKYLGIQLTRDVKDLFKENYKPLLKEIKEDTNKWKNIPCSWVGRINIVKMAILPKVIYRFNAIPIKLPMTFFTELEKTTLKFIWNQKRARIAKSILSQKNKAGGITLPDFKLYYKATVTKTAWYWYQNRDIDQWNRTEPSEIMPHIYNYLIFDKPEKNKQWGKDSLLNKWCWENWLAICRKLKLDPFLTPYTKINSRWIKDLNVKPKTIKTLEENLGITIQDIGVGKDFMSKTPKAMATKDKIDKWDLIKLKSFCTAKETTIRVNRQPTTWEKIFATYSSDKGLISRIYNELKQIYKKKTNNPIKKWAKDMNRHFSKEDIYAAKKHMKKCSSSLAIREMQIKTTMRYHLTPVRMAIIKKSGNNRCWRGCGEIGTLVHCWWDCKLVQPLWKSVWRFLRDLELEIPFDPAIPLLGIYPKDYKSCCYKDTCTRMFIAALFTIAKTWNQPNCPTMIDWIKKMWHIYTMEYYAAIKNDEFISFVGTWMKLETIILSKLSQEQKTKHRIFSLIGGN,0,0,0.0,0.0,0.0,0,0,0,0,0.608,2.236,0,1,10,0.835,0
UBA52_ORF2,0.0,0.0,0.0,0,0,0.0,0.0,0.29,0.245,0.33,"[1, 3, 2]",P62987:O00370,MQIFVKTLTGKTITLEVEPSDTIENVKAKIQDKEGIPPDQQRLIFAGKQLEDGRTLSDYNIQKESTLHLVLRLRGGIIEPSLRQLAQKYNCDKMICRKCYARLHPRAVNCRKKKCGHTNNLRPKKKVK:MTGSNSHITILTLNVNGLNSPIKRHRLASWIKSQDPSVCCIQETHLTCRDTHRLKIKGWRKIYQANGKQKKAGVAILVSDKTDFKPTKIKRDKEGHYIMVKGSIQQEELTILNIYAPNTGAPRFIKQVLSDLQRDLDSHTLIMGDFNTPLSILDRSTRQKVNKDTQELNSALHQTDLIDIYRTLHPKSTEYTFFSAPHHTYSKIDHIVGSKALLSKCKRTEIITNYLSDHSAIKLELRIKNLTQSRSTTWKLNNLLLNDYWVHNEMKAEIKMFFETNENKDTTYQNLWDAFKAVCRGKFIALNAYKRKQERSKIDTLTSQLKELEKQEQTHSKASRRQEITKIRAELKEIETQKTLQKINESRSWFFERINKIDRPLARLIKKKREKNQIDTIKNDKGDITTDPTEIQTTIREYYKHLYANKLENLEEMDTFLDTYTLPRLNQEEVESLNRPITGSEIVAIINSLPTKKSPGPDGFTAEFYQRYKEELVPFLLKLFQSIEKEGILPNSFYEASIILIPKPGRDTTKKENFRPISLMNIDAKILNKILANRIQQHIKKLIHHDQVGFIPGMQGWFNIRKSINVIQHINRAKDKNHVIISIDAEKAFDKIQQPFMLKTLNKLGIDGMYLKIIRAIYDKPTANIILNGQKLEAFPLKTGTRQGCPLSPLLFNIVLEVLARAIRQEKEIKGIQLGKEEVKLSLFADDMIVYLENPIVSAQNLLKLISNFSKVSGYKINVQKSQAFLYNNNRQTESQIMGELPFTIASKRIKYLGIQLTRDVKDLFKENYKPLLKEIKEDTNKWKNIPCSWVGRINIVKMAILPKVIYRFNAIPIKLPMTFFTELEKTTLKFIWNQKRARIAKSILSQKNKAGGITLPDFKLYYKATVTKTAWYWYQNRDIDQWNRTEPSEIMPHIYNYLIFDKPEKNKQWGKDSLLNKWCWENWLAICRKLKLDPFLTPYTKINSRWIKDLNVKPKTIKTLEENLGITIQDIGVGKDFMSKTPKAMATKDKIDKWDLIKLKSFCTAKETTIRVNRQPTTWEKIFATYSSDKGLISRIYNELKQIYKKKTNNPIKKWAKDMNRHFSKEDIYAAKKHMKKCSSSLAIREMQIKTTMRYHLTPVRMAIIKKSGNNRCWRGCGEIGTLVHCWWDCKLVQPLWKSVWRFLRDLELEIPFDPAIPLLGIYPKDYKSCCYKDTCTRMFIAALFTIAKTWNQPNCPTMIDWIKKMWHIYTMEYYAAIKNDEFISFVGTWMKLETIILSKLSQEQKTKHRIFSLIGGN,0,0,0.0,0.0,0.0,0,0,0,0,0.572,2.084,0,1,10,0.952,0
UBC_ORF2,0.0,0.0,0.0,0,0,0.0,0.0,0.254,0.217,0.32,"[5, 3, 4]",P0CG48:O00370,MQIFVKTLTGKTITLEVEPSDTIENVKAKIQDKEGIPPDQQRLIFAGKQLEDGRTLSDYNIQKESTLHLVLRLRGGMQIFVKTLTGKTITLEVEPSDTIENVKAKIQDKEGIPPDQQRLIFAGKQLEDGRTLSDYNIQKESTLHLVLRLRGGMQIFVKTLTGKTITLEVEPSDTIENVKAKIQDKEGIPPDQQRLIFAGKQLEDGRTLSDYNIQKESTLHLVLRLRGGMQIFVKTLTGKTITLEVEPSDTIENVKAKIQDKEGIPPDQQRLIFAGKQLEDGRTLSDYNIQKESTLHLVLRLRGGMQIFVKTLTGKTITLEVEPSDTIENVKAKIQDKEGIPPDQQRLIFAGKQLEDGRTLSDYNIQKESTLHLVLRLRGGMQIFVKTLTGKTITLEVEPSDTIENVKAKIQDKEGIPPDQQRLIFAGKQLEDGRTLSDYNIQKESTLHLVLRLRGGMQIFVKTLTGKTITLEVEPSDTIENVKAKIQDKEGIPPDQQRLIFAGKQLEDGRTLSDYNIQKESTLHLVLRLRGGMQIFVKTLTGKTITLEVEPSDTIENVKAKIQDKEGIPPDQQRLIFAGKQLEDGRTLSDYNIQKESTLHLVLRLRGGMQIFVKTLTGKTITLEVEPSDTIENVKAKIQDKEGIPPDQQRLIFAGKQLEDGRTLSDYNIQKESTLHLVLRLRGGV:MTGSNSHITILTLNVNGLNSPIKRHRLASWIKSQDPSVCCIQETHLTCRDTHRLKIKGWRKIYQANGKQKKAGVAILVSDKTDFKPTKIKRDKEGHYIMVKGSIQQEELTILNIYAPNTGAPRFIKQVLSDLQRDLDSHTLIMGDFNTPLSILDRSTRQKVNKDTQELNSALHQTDLIDIYRTLHPKSTEYTFFSAPHHTYSKIDHIVGSKALLSKCKRTEIITNYLSDHSAIKLELRIKNLTQSRSTTWKLNNLLLNDYWVHNEMKAEIKMFFETNENKDTTYQNLWDAFKAVCRGKFIALNAYKRKQERSKIDTLTSQLKELEKQEQTHSKASRRQEITKIRAELKEIETQKTLQKINESRSWFFERINKIDRPLARLIKKKREKNQIDTIKNDKGDITTDPTEIQTTIREYYKHLYANKLENLEEMDTFLDTYTLPRLNQEEVESLNRPITGSEIVAIINSLPTKKSPGPDGFTAEFYQRYKEELVPFLLKLFQSIEKEGILPNSFYEASIILIPKPGRDTTKKENFRPISLMNIDAKILNKILANRIQQHIKKLIHHDQVGFIPGMQGWFNIRKSINVIQHINRAKDKNHVIISIDAEKAFDKIQQPFMLKTLNKLGIDGMYLKIIRAIYDKPTANIILNGQKLEAFPLKTGTRQGCPLSPLLFNIVLEVLARAIRQEKEIKGIQLGKEEVKLSLFADDMIVYLENPIVSAQNLLKLISNFSKVSGYKINVQKSQAFLYNNNRQTESQIMGELPFTIASKRIKYLGIQLTRDVKDLFKENYKPLLKEIKEDTNKWKNIPCSWVGRINIVKMAILPKVIYRFNAIPIKLPMTFFTELEKTTLKFIWNQKRARIAKSILSQKNKAGGITLPDFKLYYKATVTKTAWYWYQNRDIDQWNRTEPSEIMPHIYNYLIFDKPEKNKQWGKDSLLNKWCWENWLAICRKLKLDPFLTPYTKINSRWIKDLNVKPKTIKTLEENLGITIQDIGVGKDFMSKTPKAMATKDKIDKWDLIKLKSFCTAKETTIRVNRQPTTWEKIFATYSSDKGLISRIYNELKQIYKKKTNNPIKKWAKDMNRHFSKEDIYAAKKHMKKCSSSLAIREMQIKTTMRYHLTPVRMAIIKKSGNNRCWRGCGEIGTLVHCWWDCKLVQPLWKSVWRFLRDLELEIPFDPAIPLLGIYPKDYKSCCYKDTCTRMFIAALFTIAKTWNQPNCPTMIDWIKKMWHIYTMEYYAAIKNDEFISFVGTWMKLETIILSKLSQEQKTKHRIFSLIGGN,0,0,0.0,0.0,0.0,0,0,0,0,0.841,4.355,0,1,10,0.919,0
